id,group,task,env,method,seed,engine,planned_budget_steps,status,actual_steps,wall_seconds,snapshots,final_sha256,cohort
core__hopper__flat__s0,core,hopper,HopperHop,flat,0,state,117964800,complete,117964800,613.8,11,a77e85edd5c729d18f6d342a109554bb42fd7bf9b8be8031e1694dc9895e70e5,sealed
core__hopper__flat__s1,core,hopper,HopperHop,flat,1,state,117964800,complete,117964800,596.1,11,674db864dcf30be35a43efe6c4f056ac5388bee4d35434bd4942ab6035e1442c,sealed
core__hopper__flat__s2,core,hopper,HopperHop,flat,2,state,117964800,complete,117964800,607.4,11,cb0b1d1d3d3c82844920336f6c2ea968002d1d63690ce6bccc5fbbd0055a6043,sealed
core__hopper__flat__s3,core,hopper,HopperHop,flat,3,state,117964800,complete,117964800,605.8,11,39a8a501908e0e275b1f5db8c93cac76e25b5e0ec18656916637ed9034e776c5,sealed
core__hopper__flat__s4,core,hopper,HopperHop,flat,4,state,117964800,complete,117964800,610.7,11,2bf64a4a89bf55e6644c69cd004a505bb22be0670959e062d1e943caf42228aa,sealed
core__hopper__hpqn__s0,core,hopper,HopperHop,hpqn,0,state,117964800,complete,117964800,776.1,11,50a8b556a08bd52ae5455add4305179c98f75c45bec73c9462ad1224e1bdcaa0,sealed
core__hopper__hpqn__s1,core,hopper,HopperHop,hpqn,1,state,117964800,complete,117964800,770.9,11,aad415dd7673467889790c0fd72b6f65a5c2e3a0285364e8ba833f7fc6224fd3,sealed
core__hopper__hpqn__s2,core,hopper,HopperHop,hpqn,2,state,117964800,complete,117964800,772.3,11,394881cf6aeab50aca8a11ac7c8cd43244291fafc2074b5df5bbb879b914b959,sealed
core__hopper__hpqn__s3,core,hopper,HopperHop,hpqn,3,state,117964800,complete,117964800,772.6,11,f7e763161bde69c98c692650787b41752aa7383b9799380452bb5e2aea7e02b2,sealed
core__hopper__hpqn__s4,core,hopper,HopperHop,hpqn,4,state,117964800,complete,117964800,771.4,11,cc1ec8786d4017e2324c3aec3b5bd19c9bed8def8c7d93d332f80016875add08,sealed
core__hopper__neural__s0,core,hopper,HopperHop,neural,0,state,117964800,complete,117964800,775.4,11,515bb12838de1e45cd4a0aebac85bcd3a60aff77f0a3696f851fa244f01a2b03,sealed
core__hopper__neural__s1,core,hopper,HopperHop,neural,1,state,117964800,complete,117964800,777.2,11,5fc4b2290d11d3043ba2c84b3e2a83edb67dcddf4afa5075fdb51e244475d005,sealed
core__hopper__neural__s2,core,hopper,HopperHop,neural,2,state,117964800,complete,117964800,778.1,11,57ae530fc9e52cde1ed9d3465bf9cada4b9d14bd39a36ffd799208fa2e4785ed,sealed
core__hopper__neural__s3,core,hopper,HopperHop,neural,3,state,117964800,complete,117964800,777.7,11,aa4e2d4b778116679bcaa6ef3423d1ffcc646773bcd40f4336b7746fecc2d134,sealed
core__hopper__neural__s4,core,hopper,HopperHop,neural,4,state,117964800,complete,117964800,775.9,11,3d997d032d57d43782d69af70d26383f19410818c8aeb09da238b3440cf2189e,sealed
core__hopper__symbolic__s0,core,hopper,HopperHop,symbolic,0,state,117964800,complete,117964800,740.2,11,8a54b64a73e210735bc43bc00e714f69fe514f127d13b421ce14c6d524b35033,sealed
core__hopper__symbolic__s1,core,hopper,HopperHop,symbolic,1,state,117964800,complete,117964800,734.9,11,4c4c672656bed38bf2298b83be4052fe3b388c0b4b13851c1995a967528f20f0,sealed
core__hopper__symbolic__s2,core,hopper,HopperHop,symbolic,2,state,117964800,complete,117964800,739.7,11,ade214e10ca49288bf330188b917152fe69373edd96b06a7461cb2ef0066ffb2,sealed
core__hopper__symbolic__s3,core,hopper,HopperHop,symbolic,3,state,117964800,complete,117964800,741.3,11,4b371cf8d0ad7c4a2b9edc269a72be08dec019a8ba69057b01321c55571949dd,sealed
core__hopper__symbolic__s4,core,hopper,HopperHop,symbolic,4,state,117964800,complete,117964800,743.7,11,2664c62e2ee32e0fe60af5be4e97968a99d3b43dd041b9659948b850d4b2237f,sealed
core__hopper__nesy__s0,core,hopper,HopperHop,nesy,0,state,117964800,complete,117964800,775.7,11,f49092d2048e56bed91fcac2bd3790938bd7637492c78e539e5d454f628fae7d,sealed
core__hopper__nesy__s1,core,hopper,HopperHop,nesy,1,state,117964800,complete,117964800,772.7,11,89e9e21ec6a76585446d8ea542a56fd567899b7d73a3536e3531e839d2c1994a,sealed
core__hopper__nesy__s2,core,hopper,HopperHop,nesy,2,state,117964800,complete,117964800,776.0,11,9ce6e76c8bf5533e39ee3c1eb0ca484b3d6e0e8458ed9d89ee9601609f28ec24,sealed
core__hopper__nesy__s3,core,hopper,HopperHop,nesy,3,state,117964800,complete,117964800,777.3,11,343a6a7347ff2ad0e0cc19ab77149294e67d2ae15ffa17a9d1d076cb88a277a6,sealed
core__hopper__nesy__s4,core,hopper,HopperHop,nesy,4,state,117964800,complete,117964800,777.1,11,9fcc8ea47b54803a433debbb0c122c537db91f89d9706cc1b359593bfd29a98d,sealed
core__hopper__ppo__s0,core,hopper,HopperHop,ppo,0,ppo,117964800,complete,117964800,,11,7f784a03ee43f2e24b4a091f4ca64d49de3bc900c55f818c7969c9c73c013b10,sealed
core__hopper__ppo__s1,core,hopper,HopperHop,ppo,1,ppo,117964800,complete,117964800,,11,10210709530b2bed099843abcfc18acb0f314e5a6652f5f98b4f448f9441eb28,sealed
core__hopper__ppo__s2,core,hopper,HopperHop,ppo,2,ppo,117964800,complete,117964800,,11,0ae05adea3cfeb6dd193155ac1500a157b6de251370d830b4a5b5ed41a46f6f6,sealed
core__hopper__ppo__s3,core,hopper,HopperHop,ppo,3,ppo,117964800,complete,117964800,,11,d5bbe2e877e47c2386307fb7f7eed6c82df20e0ed1260ef53c5137dbcc14c35b,sealed
core__hopper__ppo__s4,core,hopper,HopperHop,ppo,4,ppo,117964800,complete,117964800,,11,5a29ecc2f1c67ebe9a20a648e209c0be56159a5aafda37244211be378f1277b9,sealed
core__go1__flat__s0,core,go1,Go1JoystickFlatTerrain,flat,0,state,32768000,complete,32768000,125.4,11,d26f80c37e0b5448fbd4ca2378011f6decb02295ff33fa746970f87ef88a0ae3,sealed
core__go1__flat__s1,core,go1,Go1JoystickFlatTerrain,flat,1,state,32768000,complete,32768000,121.0,11,aafcf500a451c5ef0e797454ef3386f37fd54cba4d57373b1e1207fa98b8bd90,sealed
core__go1__flat__s2,core,go1,Go1JoystickFlatTerrain,flat,2,state,32768000,complete,32768000,120.8,11,ff786c58abd75d4ad0f614e3e95d6aa449c98b4607e43bbde8fe120fa535116c,sealed
core__go1__flat__s3,core,go1,Go1JoystickFlatTerrain,flat,3,state,32768000,complete,32768000,120.9,11,f9f1bc4e0ac57de31826b73a423fbd9ece71886a066d092f22d49df3ce2e5507,sealed
core__go1__flat__s4,core,go1,Go1JoystickFlatTerrain,flat,4,state,32768000,complete,32768000,120.7,11,5054c15295463eb45ef630364eaf211578d88497a68192d6477550ead98a1811,sealed
core__go1__hpqn__s0,core,go1,Go1JoystickFlatTerrain,hpqn,0,state,32768000,complete,32768000,177.3,11,25fd239e15779326bee91a1672205ff0ea7a9a8b4d0dee8bf55c43eb3791ffbc,sealed
core__go1__hpqn__s1,core,go1,Go1JoystickFlatTerrain,hpqn,1,state,32768000,complete,32768000,173.4,11,44c0ac4b5449665d5d700c199ca50ef2084ce9900c8e61919d5d6cddd5c47c96,sealed
core__go1__hpqn__s2,core,go1,Go1JoystickFlatTerrain,hpqn,2,state,32768000,complete,32768000,173.3,11,1dc5698cce2141cf9b8fa0b76326f944475ca34070ed06aaecfb5538112a02c0,sealed
core__go1__hpqn__s3,core,go1,Go1JoystickFlatTerrain,hpqn,3,state,32768000,complete,32768000,173.3,11,3dc4c80c0235ad7ea1d98d0d88ccb5324f256eb75023d1e29bf5852ae7ae19ad,sealed
core__go1__hpqn__s4,core,go1,Go1JoystickFlatTerrain,hpqn,4,state,32768000,complete,32768000,173.5,11,ee8942153e1d19090436893d95893b02d5939fc1d14052c1e33aefe17a5436d4,sealed
core__go1__neural__s0,core,go1,Go1JoystickFlatTerrain,neural,0,state,32768000,complete,32768000,173.6,11,9acde4cae7fe7b51f1938af698dd6f49260b2e6cd506c14c1a3865ef5ac96e09,sealed
core__go1__neural__s1,core,go1,Go1JoystickFlatTerrain,neural,1,state,32768000,complete,32768000,173.6,11,5721143df5c40044c13bbc8a1904edce381fe9fe4fc6c9266a659d0606b6341e,sealed
core__go1__neural__s2,core,go1,Go1JoystickFlatTerrain,neural,2,state,32768000,complete,32768000,173.6,11,f2ee9009580dc373140966ba5c6573114ce3c38c32752360219b7c2f665c395f,sealed
core__go1__neural__s3,core,go1,Go1JoystickFlatTerrain,neural,3,state,32768000,complete,32768000,173.6,11,6c299b363e5ec6bc22005676069d3643bca765a03c9bbe6d55a5ed74c998340f,sealed
core__go1__neural__s4,core,go1,Go1JoystickFlatTerrain,neural,4,state,32768000,complete,32768000,173.5,11,005b3b461374b4b8e62ec94bd6241028f39f9780997328e962e9e37d54bad29d,sealed
core__go1__symbolic__s0,core,go1,Go1JoystickFlatTerrain,symbolic,0,state,32768000,complete,32768000,164.4,11,20994968988d447dc5213b35b144166ca894080a26a7057c770a85c1fb9ef225,sealed
core__go1__symbolic__s1,core,go1,Go1JoystickFlatTerrain,symbolic,1,state,32768000,complete,32768000,164.2,11,00904c3441ebb4fceca0f63ea9effe6080b5c0711e7f85233b6e47464bd35faa,sealed
core__go1__symbolic__s2,core,go1,Go1JoystickFlatTerrain,symbolic,2,state,32768000,complete,32768000,164.1,11,fc814d27614b535a29115d70a4dbb19de583f3b72db9801001baa244fa534c90,sealed
core__go1__symbolic__s3,core,go1,Go1JoystickFlatTerrain,symbolic,3,state,32768000,complete,32768000,164.2,11,4cb1fb97e15fed4e676a37b0423da22fc3156b38066e78e98502b154b05b7bad,sealed
core__go1__symbolic__s4,core,go1,Go1JoystickFlatTerrain,symbolic,4,state,32768000,complete,32768000,164.0,11,d38bedbfb10fc54befcf9fd3a6efac4b4ac2dc5f0bee3c6ce6ba5fdcf0f6bb7c,sealed
core__go1__nesy__s0,core,go1,Go1JoystickFlatTerrain,nesy,0,state,32768000,complete,32768000,174.1,11,dd8d730d21650f6c658270212a7ace6e395cd39692b6d92d24e22dc7922bee1c,sealed
core__go1__nesy__s1,core,go1,Go1JoystickFlatTerrain,nesy,1,state,32768000,complete,32768000,173.4,11,c9a523ecc4fd7015f2a05a0a6a9ecd1d642d8b98950954cdbbe6d1ec38b4f3ee,sealed
core__go1__nesy__s2,core,go1,Go1JoystickFlatTerrain,nesy,2,state,32768000,complete,32768000,173.3,11,717316be25275bf7f85c7935e2185a237d044094ba4b131232fb8391b02ebe43,sealed
core__go1__nesy__s3,core,go1,Go1JoystickFlatTerrain,nesy,3,state,32768000,complete,32768000,173.2,11,983772dabc224cbaccb5e21f52325f9a7f6d2cdb531fc085c721bb60b5629381,sealed
core__go1__nesy__s4,core,go1,Go1JoystickFlatTerrain,nesy,4,state,32768000,complete,32768000,173.4,11,59c17daa03a6949248630f847afef43c36fa63d186ae579c1a6cddca8e59cd3f,sealed
core__go1__ppo__s0,core,go1,Go1JoystickFlatTerrain,ppo,0,ppo,32768000,complete,32768000,,11,7e127d6584b6db588415210ad7d48146728273e25ea74852f8d380a7285b5af3,sealed
core__go1__ppo__s1,core,go1,Go1JoystickFlatTerrain,ppo,1,ppo,32768000,complete,32768000,,11,823fffbae1b6a6a2f413e208e4aaf4bc462feb8bc56b4f949976b6823e1750ee,sealed
core__go1__ppo__s2,core,go1,Go1JoystickFlatTerrain,ppo,2,ppo,32768000,complete,32768000,,11,51692ea315ab29ca454d6dfe0910a14fdb820d80951dac09f408ec50149c4a92,sealed
core__go1__ppo__s3,core,go1,Go1JoystickFlatTerrain,ppo,3,ppo,32768000,complete,32768000,,11,2ba51edec7da899d9f345080a5003ef8886edfb1cdae9500d3a53150cbb7a6f2,sealed
core__go1__ppo__s4,core,go1,Go1JoystickFlatTerrain,ppo,4,ppo,32768000,complete,32768000,,11,bc5b4fe82e87c9b51b928620b1c3bde1737395998458ece3144b20d746ef6df1,sealed
llm_reference__cheetah__nesy__s0,llm_reference,cheetah,CheetahRun,nesy,0,state,52428800,complete,52428800,186.7,11,0d99a5b74312c2b852ac87d467ed0c31ac2a51b1cc42279fea783d04608f14d9,sealed
llm_reference__cheetah__nesy__s1,llm_reference,cheetah,CheetahRun,nesy,1,state,52428800,complete,52428800,181.5,11,d76ce3d24e8fc0972f0ad91b44b6f8923aa266fbd4d9f94fb7021809512f802f,sealed
llm_reference__cheetah__nesy__s2,llm_reference,cheetah,CheetahRun,nesy,2,state,52428800,complete,52428800,181.5,11,4d7ab4c1f11933026f7481b7170fcf823a6c65a905b42bc154c3018945f55355,sealed
llm_reference__cheetah__nesy__s3,llm_reference,cheetah,CheetahRun,nesy,3,state,52428800,complete,52428800,181.6,11,2dbbc946fc637866ee304b8ca5bc9b00e88b89b7afac4596fa021dbf79bd601e,sealed
llm_reference__cheetah__nesy__s4,llm_reference,cheetah,CheetahRun,nesy,4,state,52428800,complete,52428800,181.2,11,29b67c2533b4529b33961c02812b7e11088b3cf210028f0bb15c665187e1b368,sealed
llm_pilot__cheetah__initial__g0__s900,llm_pilot,cheetah,CheetahRun,initial,900,state,13107200,complete,13107200,66.4,11,94daa4d18b1aac74bb51f3cd5e2ab9267adde4cd5f22608354abde95ebbd75a8,llm_v2
llm_final__cheetah__initial__g0__s0,llm_final,cheetah,CheetahRun,initial,0,state,52428800,complete,52428800,180.1,11,768872ca7a11f853cee91e3698d258a8d5162635e8fbcb830e18e391ffc87856,llm_v2
llm_final__cheetah__initial__g0__s1,llm_final,cheetah,CheetahRun,initial,1,state,52428800,complete,52428800,180.3,11,667bd45b73d44183e3c7f7f80099d360c57364f201122985f05760664c105bfd,llm_v2
llm_final__cheetah__refined__g0__s0,llm_final,cheetah,CheetahRun,refined,0,state,52428800,complete,52428800,180.6,11,c96c4deeca4ecc83b6edc32d1479c61800602957c74642c2f9544d15b1795982,llm_v2
llm_final__cheetah__refined__g0__s1,llm_final,cheetah,CheetahRun,refined,1,state,52428800,complete,52428800,180.7,11,46fd9445fd079ca1475d6e9d9e8eb07757a32f87789cb038c04f535cbb88b77d,llm_v2
llm_final__cheetah__resample__g0__s0,llm_final,cheetah,CheetahRun,resample,0,state,52428800,complete,52428800,180.5,11,aa57f7557298fced36918e065cb51cdd73a687cb3df432e553fd390a226a110f,llm_v2
llm_final__cheetah__resample__g0__s1,llm_final,cheetah,CheetahRun,resample,1,state,52428800,complete,52428800,180.4,11,5b0a67164a616e65757c17d46a4d5631d7094e694cc87c8b8d8deca029b5da62,llm_v2
llm_pilot__cheetah__initial__g1__s901,llm_pilot,cheetah,CheetahRun,initial,901,state,13107200,complete,13107200,59.7,11,2212cae3cbcdfd57f02191bc90f439dd8866b4b4c07b78b4624808f895281fed,llm_v2
llm_final__cheetah__initial__g1__s0,llm_final,cheetah,CheetahRun,initial,0,state,52428800,complete,52428800,180.6,11,5dc3549d4de64293519410b3880f3b37842807e843a3698bd14428ad773817a6,llm_v2
llm_final__cheetah__initial__g1__s1,llm_final,cheetah,CheetahRun,initial,1,state,52428800,complete,52428800,180.5,11,72dcf47346a4506bcc2c8e530a7557a6d5642c99c3c786f474231d6388f32e0b,llm_v2
llm_final__cheetah__refined__g1__s0,llm_final,cheetah,CheetahRun,refined,0,state,52428800,complete,52428800,180.4,11,fd1a3c47166554dcc4c32d723dbf37c4f38accd24f62c5d488558abb64f3a906,llm_v2
llm_final__cheetah__refined__g1__s1,llm_final,cheetah,CheetahRun,refined,1,state,52428800,complete,52428800,180.5,11,f74a86087dcb1b23f54b7c41ca39d5919376ee4ee61c932faab1c672c25250e7,llm_v2
llm_final__cheetah__resample__g1__s0,llm_final,cheetah,CheetahRun,resample,0,state,52428800,complete,52428800,180.6,11,7a03437ef631e3cae03f2e001f17be737cdb7a61b6c41dc13802899ee2ba3298,llm_v2
llm_final__cheetah__resample__g1__s1,llm_final,cheetah,CheetahRun,resample,1,state,52428800,complete,52428800,180.6,11,f8b67e8e794c0d07b591af704cf16a9690dbe3429002968c9dd67b6ae041f046,llm_v2
llm_pilot__cheetah__initial__g2__s902,llm_pilot,cheetah,CheetahRun,initial,902,state,13107200,complete,13107200,59.6,11,b1920531f7c47c7fd56910dcfd5cbc6d4795eacef930e8b99f355f3f1d6f10b8,llm_v2
llm_final__cheetah__initial__g2__s0,llm_final,cheetah,CheetahRun,initial,0,state,52428800,complete,52428800,180.7,11,f24077ebb91a9472df2355e4956159bd33aeaacd1a21ab432cc8a16e50ad44b8,llm_v2
llm_final__cheetah__initial__g2__s1,llm_final,cheetah,CheetahRun,initial,1,state,52428800,complete,52428800,180.4,11,977071efb5e9a4572e1e2cad3e3a296e7e4a1e131fd4b32c0d5218c713145b9e,llm_v2
llm_final__cheetah__refined__g2__s0,llm_final,cheetah,CheetahRun,refined,0,state,52428800,complete,52428800,180.5,11,0291e4de720eaf21f596bdaeee1018e258bc9906472fdd3ba2f6878d3aacd9af,llm_v2
llm_final__cheetah__refined__g2__s1,llm_final,cheetah,CheetahRun,refined,1,state,52428800,complete,52428800,180.7,11,c09dcab2c54285b1893e29be5e349e10eca4026bd54bca4f6b1b5fc776572a38,llm_v2
llm_final__cheetah__resample__g2__s0,llm_final,cheetah,CheetahRun,resample,0,state,52428800,complete,52428800,180.7,11,2c24c0f3a299f3b214ef5f4d6ea0338f3041ade6d713d2fcfcb970d268433578,llm_v2
llm_final__cheetah__resample__g2__s1,llm_final,cheetah,CheetahRun,resample,1,state,52428800,complete,52428800,180.8,11,b808220976ecd64c20ddb1c66b7aa6f601ef2629911f785c7f2262e0ed4fa7dd,llm_v2
llm_reference__walker__nesy__s0,llm_reference,walker,WalkerWalk,nesy,0,state,52428800,complete,52428800,453.4,11,57a82f8af790267b5c756a5f0bda0912ed124e33469c429878cadf2b8b750e42,sealed
llm_reference__walker__nesy__s1,llm_reference,walker,WalkerWalk,nesy,1,state,52428800,complete,52428800,451.3,11,a43aeba1e62c4c86aa6131e391e781e4567b7a95dd37f314b74688bd505a24ae,sealed
llm_reference__walker__nesy__s2,llm_reference,walker,WalkerWalk,nesy,2,state,52428800,complete,52428800,446.1,11,cc97d6a7740978c0cce58f518e2ab9a4f5d0ffcb78ca59c9deafa2ee98875ec9,sealed
llm_reference__walker__nesy__s3,llm_reference,walker,WalkerWalk,nesy,3,state,52428800,complete,52428800,451.2,11,4c10bf086610ab4edb97354fba33bfdd5dfb404dfcb7f683055e05349085773f,sealed
llm_reference__walker__nesy__s4,llm_reference,walker,WalkerWalk,nesy,4,state,52428800,complete,52428800,451.9,11,56d201d2675e9efd6fd092c3d3f23a8a3a4d56d422f3375ff4e8a883498064d6,sealed
llm_pilot__walker__initial__g0__s900,llm_pilot,walker,WalkerWalk,initial,900,state,13107200,complete,13107200,129.2,11,78476b5bb38bcfe488e614893b1cb57e7857dd276da103e4836cfd2eff17e931,llm_v2
llm_final__walker__initial__g0__s0,llm_final,walker,WalkerWalk,initial,0,state,52428800,complete,52428800,455.8,11,034aa80b0daf5b09a043cf2fd2848b856893dbf4effb7d865f7f5ed9e5eb5d60,llm_v2
llm_final__walker__initial__g0__s1,llm_final,walker,WalkerWalk,initial,1,state,52428800,complete,52428800,455.9,11,7d234342facb5784b3cd07858ac57d49da7ccd227fc8a721f03d9540fa5c3db6,llm_v2
llm_final__walker__refined__g0__s0,llm_final,walker,WalkerWalk,refined,0,state,52428800,complete,52428800,457.8,11,7c640651d620a35b1a042d1cbcb89a661daead44ad8974f81d3d6b8ef86e17e3,llm_v2
llm_final__walker__refined__g0__s1,llm_final,walker,WalkerWalk,refined,1,state,52428800,complete,52428800,457.9,11,7e4810f7e3c1f4293ae448a26ff60a379184d8442ea8eb32103881fbe54e215e,llm_v2
llm_final__walker__resample__g0__s0,llm_final,walker,WalkerWalk,resample,0,state,52428800,complete,52428800,457.6,11,338cf71a0c578eb08597dc9f4bf406336f010469a2e5e8b74729eb277c6fbf92,llm_v2
llm_final__walker__resample__g0__s1,llm_final,walker,WalkerWalk,resample,1,state,52428800,complete,52428800,458.3,11,c769c19ae0329c1f5b405018001333fe68f0bacbb7e8d6c7451d5d8216d8d9e6,llm_v2
llm_pilot__walker__initial__g1__s901,llm_pilot,walker,WalkerWalk,initial,901,state,13107200,complete,13107200,123.1,11,a9ee83e0be19d72532b27128c8747af638e8cc5f1e6d706712555a5fa98c84b1,llm_v2
llm_final__walker__initial__g1__s0,llm_final,walker,WalkerWalk,initial,0,state,52428800,complete,52428800,456.3,11,23da9eba08eb3bacd9bd0905f3d072c470ab3f20e43f35dc7894ad2821af662e,llm_v2
llm_final__walker__initial__g1__s1,llm_final,walker,WalkerWalk,initial,1,state,52428800,complete,52428800,455.9,11,06608ac89e7a192e4f1c41b492e0b660db76d1fd40d25fb2eb65334ea808a9e2,llm_v2
llm_final__walker__refined__g1__s0,llm_final,walker,WalkerWalk,refined,0,state,52428800,complete,52428800,457.8,11,8cc701b55e909c0bd36a645dce2dcce83028511f608e146c04aa8b740dc4d80c,llm_v2
llm_final__walker__refined__g1__s1,llm_final,walker,WalkerWalk,refined,1,state,52428800,complete,52428800,457.3,11,4e58072877959aa24578f5dcf8bfba96fb9b9f0512a22e1366c1b4a0255ef1f1,llm_v2
llm_final__walker__resample__g1__s0,llm_final,walker,WalkerWalk,resample,0,state,52428800,complete,52428800,458.8,11,14cafe704f90faf0bba48e44908ab15bb659d6003415eb1ab24ef2f3d51b93ae,llm_v2
llm_final__walker__resample__g1__s1,llm_final,walker,WalkerWalk,resample,1,state,52428800,complete,52428800,458.1,11,7fc0dec8aa9620f8e79e44292bea406901783a003419ee17c0e1c857d1f12eb4,llm_v2
llm_pilot__walker__initial__g2__s902,llm_pilot,walker,WalkerWalk,initial,902,state,13107200,complete,13107200,123.6,11,bac3cb1546634bafcb8d8ba3b422bffa744331c2dbad202f3087065b7e5944cb,llm_v2
llm_final__walker__initial__g2__s0,llm_final,walker,WalkerWalk,initial,0,state,52428800,complete,52428800,457.0,11,e556abf6c6102f534565a8a4ed1afb70dc5a94191497f8cdbf00da426e3e364c,llm_v2
llm_final__walker__initial__g2__s1,llm_final,walker,WalkerWalk,initial,1,state,52428800,complete,52428800,454.9,11,0202be0f1fef914cb0c5d0994cc22154b7bdcf006bcc4614c235f877e85d52c4,llm_v2
llm_final__walker__refined__g2__s0,llm_final,walker,WalkerWalk,refined,0,state,52428800,complete,52428800,457.7,11,6f718aa6bd2e21b63a4c18bbb3f8e35c614c9c580d186b5cbf0f0a8163bf0219,llm_v2
llm_final__walker__refined__g2__s1,llm_final,walker,WalkerWalk,refined,1,state,52428800,complete,52428800,456.5,11,3990164bd0e293839201a8bd5cf6c268425ac30ad852001f46a95612a910e24e,llm_v2
llm_final__walker__resample__g2__s0,llm_final,walker,WalkerWalk,resample,0,state,52428800,complete,52428800,482.6,11,67dc3986790f77b4e28adb68027d60cc6e905c947fbeb6f712554e2d510eeef0,llm_v2
llm_final__walker__resample__g2__s1,llm_final,walker,WalkerWalk,resample,1,state,52428800,complete,52428800,561.4,11,ba28fdd58d1083240825e812dbd06464ead8146b1e9162ed36e3aff2c42a279a,llm_v2
rgb__cartpole__state__s0,rgb,cartpole,CartpoleBalance,state,0,rgb,2048000,complete,2048000,,,ed973b2d48b03f1a2c9505b6496b5579949d250b6ef3b2825b74ac19e91ca899,sealed
rgb__cartpole__state__s1,rgb,cartpole,CartpoleBalance,state,1,rgb,2048000,complete,2048000,,,aaea40cafa02f22960f3c1562c42ab042de4dca6055d9904e2fe78d117f738e9,sealed
rgb__cartpole__state__s2,rgb,cartpole,CartpoleBalance,state,2,rgb,2048000,complete,2048000,,,32c261cf8ecd3b22ae419faf8630c58a8d848ba1bc53a1308f3a99362a8315e0,sealed
rgb__cartpole__state__s3,rgb,cartpole,CartpoleBalance,state,3,rgb,2048000,complete,2048000,,,bb8eba0f5751414a86707c4783f3a4b8fce9a05777b55ed5291c3b2c206c5b65,sealed
rgb__cartpole__state__s4,rgb,cartpole,CartpoleBalance,state,4,rgb,2048000,complete,2048000,,,9a2e5cc1df5bdd2573f3423a41c10630454f38466e2774838fe6efb3ca464925,sealed
rgb__cartpole__pixels__s0,rgb,cartpole,CartpoleBalance,pixels,0,rgb,2048000,complete,2048000,,,20f8d2d6ad26d8241ff3cb0d41bcef1d1395c9b90d88231a08052ba5f0f0c54a,sealed
rgb__cartpole__pixels__s1,rgb,cartpole,CartpoleBalance,pixels,1,rgb,2048000,complete,2048000,,,83e530479a39ed57ca08306a77803713c243ab1d8936736e172706346c7bc164,sealed
rgb__cartpole__pixels__s2,rgb,cartpole,CartpoleBalance,pixels,2,rgb,2048000,complete,2048000,,,f26e09f89f1438cad1e05b232e8678c04cdd87c042f8da37bc3103463eb52678,sealed
rgb__cartpole__pixels__s3,rgb,cartpole,CartpoleBalance,pixels,3,rgb,2048000,complete,2048000,,,b281a82a360b302e330d74a4abeb37d6f3de20bb9236ab4e32696a021bcf901c,sealed
rgb__cartpole__pixels__s4,rgb,cartpole,CartpoleBalance,pixels,4,rgb,2048000,complete,2048000,,,d610f3034174a728e62b10ee395c6987fde0ccf79ba0d6a3af08e3ecc9f538d4,sealed
rgb__cartpole__constant__s0,rgb,cartpole,CartpoleBalance,constant,0,rgb,2048000,complete,2048000,,,b5d405fc45c12c291607d0386a0371a67b4867c365df42c11a0f5aa55eeb61af,sealed
rgb__cartpole__constant__s1,rgb,cartpole,CartpoleBalance,constant,1,rgb,2048000,complete,2048000,,,f398c4a7f22c06772ab59c56444172d2e6c507d986f3beb9ce6ba5d14c6e5283,sealed
rgb__cartpole__constant__s2,rgb,cartpole,CartpoleBalance,constant,2,rgb,2048000,complete,2048000,,,ec962fb80c7e75b684ca42971c66329608a19ac6909d054eca84cf14ae658765,sealed
rgb__cartpole__constant__s3,rgb,cartpole,CartpoleBalance,constant,3,rgb,2048000,complete,2048000,,,917c31c995ed189de4f60a6c5e663611500c1903c5254369d2b8848a427b329b,sealed
rgb__cartpole__constant__s4,rgb,cartpole,CartpoleBalance,constant,4,rgb,2048000,complete,2048000,,,2b009dfb2f1d0dec88b05e999bb90bef9f1675216ca4501ae6a8ce38e77049c3,sealed
rgb__walker__state__s0,rgb,walker,WalkerWalk,state,0,rgb,2048000,complete,2048000,,,83547f8347bfdc797787ec302c8c2da393395c5da84ea711b5a69f5fcd191d49,sealed
rgb__walker__state__s1,rgb,walker,WalkerWalk,state,1,rgb,2048000,complete,2048000,,,91310eb8fc9eaf3a10c6d4bd2294b1f0c7d56e74cee80ba487e9238eca632fc7,sealed
rgb__walker__state__s2,rgb,walker,WalkerWalk,state,2,rgb,2048000,complete,2048000,,,0dd32c9aba0d01dbe1bc980afeb86174a979ff89983f376a0655716a86855239,sealed
rgb__walker__state__s3,rgb,walker,WalkerWalk,state,3,rgb,2048000,complete,2048000,,,c0d087a079e6611ed7414214f8aa230fb9d019140685bafe443174eaed06c36e,sealed
rgb__walker__state__s4,rgb,walker,WalkerWalk,state,4,rgb,2048000,complete,2048000,,,6030732c43205208e191f811428a201230ab0d01807864a65c14d921ada6d23c,sealed
rgb__walker__pixels__s0,rgb,walker,WalkerWalk,pixels,0,rgb,2048000,complete,2048000,,,d19cb77866701b055b004f2d2bd2a594ddaee12d055310c922809adc19bdff41,sealed
rgb__walker__pixels__s1,rgb,walker,WalkerWalk,pixels,1,rgb,2048000,complete,2048000,,,28fb527ca138b7986e2c63d02304bac798f7c3dc28b7938a6aa5437e1d3dfa4d,sealed
rgb__walker__pixels__s2,rgb,walker,WalkerWalk,pixels,2,rgb,2048000,complete,2048000,,,241451e1b377f19813f271d7fa67ecaaaeeaeb4cc83dceade381ffe850a4c7b2,sealed
rgb__walker__pixels__s3,rgb,walker,WalkerWalk,pixels,3,rgb,2048000,complete,2048000,,,30393635192d7b5948a4ab5e14781541efb88684156a1e117dcaa76be4deb0ca,sealed
rgb__walker__pixels__s4,rgb,walker,WalkerWalk,pixels,4,rgb,2048000,complete,2048000,,,fc65cd8327454ee5edc42148e0e318dee0103081e507c03d159d22e850eea6e9,sealed
rgb__walker__constant__s0,rgb,walker,WalkerWalk,constant,0,rgb,2048000,complete,2048000,,,58014e6f41577c49570d9cad915f62c06c529af3fc97893e62d8617e0ec4c384,sealed
rgb__walker__constant__s1,rgb,walker,WalkerWalk,constant,1,rgb,2048000,complete,2048000,,,be2aec9c66f7cbc78952d3ceae957ffc49bf178ae6f79b814c1092f047f2fd72,sealed
rgb__walker__constant__s2,rgb,walker,WalkerWalk,constant,2,rgb,2048000,complete,2048000,,,5c8aa93c036b2fbe521ce8425bfa03f87a1ee899cd3a9ceb6547a87939d7acae,sealed
rgb__walker__constant__s3,rgb,walker,WalkerWalk,constant,3,rgb,2048000,complete,2048000,,,ab8982fe13c1aecf26c7ca1c67c5654b4a80414d444fcfb4e596565790e41078,sealed
rgb__walker__constant__s4,rgb,walker,WalkerWalk,constant,4,rgb,2048000,complete,2048000,,,ad9f3974be3a0ea9deb2322c857f1f43384d312071c8914275632e4391b1c70a,sealed
