run_id,condition,reward_per_step_mean,reward_per_step_std_sample,primary_metric_value,n_episodes
rgb__cartpole__constant__s0,intact,0.09033479556953534,0.0012406632538965099,0.9726874999999999,64
rgb__cartpole__constant__s0,frozen_first,0.09033479556953534,0.0012406632538965099,0.9726874999999999,64
rgb__cartpole__constant__s0,random_replay,0.09033479556953534,0.0012406632538965099,0.9726874999999999,64
rgb__cartpole__constant__s0,shuffle_frames,0.09033479556953534,0.0012406632538965099,0.9726874999999999,64
rgb__cartpole__constant__s0,zeros,0.09033479556953534,0.0012406632538965099,0.9726874999999999,64
rgb__cartpole__constant__s0,const_action,0.03907224963390035,0.015843132680086868,0.6683124999999999,64
rgb__cartpole__constant__s1,intact,0.08870979976584203,0.0038430371614032693,0.9586250000000001,64
rgb__cartpole__constant__s1,frozen_first,0.08870979976584203,0.0038430371614032693,0.9586250000000001,64
rgb__cartpole__constant__s1,random_replay,0.08870979976584203,0.0038430371614032693,0.9586250000000001,64
rgb__cartpole__constant__s1,shuffle_frames,0.08870979976584203,0.0038430371614032693,0.9586250000000001,64
rgb__cartpole__constant__s1,zeros,0.08870979976584203,0.0038430371614032693,0.9586250000000001,64
rgb__cartpole__constant__s1,const_action,0.019801872145812013,0.024576104555765272,0.6155625,64
rgb__cartpole__constant__s2,intact,0.08589093338028761,0.017151296170635138,0.9488749999999999,64
rgb__cartpole__constant__s2,frozen_first,0.08589093338028761,0.017151296170635138,0.9488749999999999,64
rgb__cartpole__constant__s2,random_replay,0.08589093338028761,0.017151296170635138,0.9488749999999999,64
rgb__cartpole__constant__s2,shuffle_frames,0.08589093338028761,0.017151296170635138,0.9488749999999999,64
rgb__cartpole__constant__s2,zeros,0.08589093338028761,0.017151296170635138,0.9488749999999999,64
rgb__cartpole__constant__s2,const_action,0.01579061998828547,0.0026308330242843523,0.5906875,64
rgb__cartpole__constant__s3,intact,0.091686652966775,0.0012498912667080874,0.9954375,64
rgb__cartpole__constant__s3,frozen_first,0.091686652966775,0.0012498912667080874,0.9954375,64
rgb__cartpole__constant__s3,random_replay,0.091686652966775,0.0012498912667080874,0.9954375,64
rgb__cartpole__constant__s3,shuffle_frames,0.091686652966775,0.0012498912667080874,0.9954375,64
rgb__cartpole__constant__s3,zeros,0.091686652966775,0.0012498912667080874,0.9954375,64
rgb__cartpole__constant__s3,const_action,0.048220452257422955,0.016878931231114124,0.7124375,64
rgb__cartpole__constant__s4,intact,0.09343436563154683,0.0017864909130253996,0.996875,64
rgb__cartpole__constant__s4,frozen_first,0.09343436563154683,0.0017864909130253996,0.996875,64
rgb__cartpole__constant__s4,random_replay,0.09343436563154683,0.0017864909130253996,0.996875,64
rgb__cartpole__constant__s4,shuffle_frames,0.09343436563154683,0.0017864909130253996,0.996875,64
rgb__cartpole__constant__s4,zeros,0.09343436563154683,0.0017864909130253996,0.996875,64
rgb__cartpole__constant__s4,const_action,-0.0011571145005291334,0.0257858009688672,0.5935625,64
rgb__cartpole__pixels__s0,intact,0.0977606093296781,0.00018949078897712322,1.0,64
rgb__cartpole__pixels__s0,frozen_first,0.09776138360379263,0.00019384426202118015,1.0,64
rgb__cartpole__pixels__s0,random_replay,0.09776073980052025,0.0001897116597328343,1.0,64
rgb__cartpole__pixels__s0,shuffle_frames,0.09776060493197292,0.00018952022939255228,1.0,64
rgb__cartpole__pixels__s0,zeros,0.09824747519521043,0.00013657588443595172,1.0,64
rgb__cartpole__pixels__s0,const_action,0.047728459927375295,0.015421562365375006,0.687625,64
rgb__cartpole__pixels__s1,intact,0.05998337739853559,0.002335852769167989,0.7621249999999999,64
rgb__cartpole__pixels__s1,frozen_first,0.06010621925316275,0.0025350609740495827,0.7621875,64
rgb__cartpole__pixels__s1,random_replay,0.060026246561424156,0.002436791163548508,0.7619374999999999,64
rgb__cartpole__pixels__s1,shuffle_frames,0.06005387749924375,0.002372774511398508,0.7621875,64
rgb__cartpole__pixels__s1,zeros,0.05776991555476525,0.006296090435946282,0.72625,64
rgb__cartpole__pixels__s1,const_action,0.03418538905581227,0.013437447470805722,0.6548125,64
rgb__cartpole__pixels__s2,intact,0.07494320937745215,0.014041702038869914,0.88625,64
rgb__cartpole__pixels__s2,frozen_first,0.07505110471839727,0.013994057769769358,0.8853125,64
rgb__cartpole__pixels__s2,random_replay,0.07427603480965264,0.01428516673075756,0.8841875,64
rgb__cartpole__pixels__s2,shuffle_frames,0.07495135249302984,0.014005285781410698,0.8859375,64
rgb__cartpole__pixels__s2,zeros,0.05614722831061954,0.0013169196743267125,0.8160625,64
rgb__cartpole__pixels__s2,const_action,0.04969583268322504,0.015960203831728307,0.702375,64
rgb__cartpole__pixels__s3,intact,0.09941476874286309,0.0001885111170863119,1.0,64
rgb__cartpole__pixels__s3,frozen_first,0.09941470263851807,0.00018952548769389234,1.0,64
rgb__cartpole__pixels__s3,random_replay,0.09941612930502741,0.00018628884500426293,1.0,64
rgb__cartpole__pixels__s3,shuffle_frames,0.099414769991301,0.00018854256711301956,1.0,64
rgb__cartpole__pixels__s3,zeros,0.09699986701039598,0.0002497461036309952,1.0,64
rgb__cartpole__pixels__s3,const_action,0.05377520718363667,0.014959594583899,0.7092499999999999,64
rgb__cartpole__pixels__s4,intact,0.09748455888731405,0.0011076762739428573,1.0,64
rgb__cartpole__pixels__s4,frozen_first,0.09747410964267329,0.0011058712669844333,1.0,64
rgb__cartpole__pixels__s4,random_replay,0.09748851846717298,0.0011388927181891929,1.0,64
rgb__cartpole__pixels__s4,shuffle_frames,0.09748460499662906,0.0011078114429012764,1.0,64
rgb__cartpole__pixels__s4,zeros,0.09542008911159064,0.0039334513130705176,0.996625,64
rgb__cartpole__pixels__s4,const_action,0.04909476247693738,0.015891788800159914,0.7018125,64
rgb__cartpole__state__s0,intact,0.0969153522560373,0.0007305876071292719,1.0,64
rgb__cartpole__state__s1,intact,0.0882345833648651,0.013777100085878211,0.9508125000000001,64
rgb__cartpole__state__s2,intact,0.09803924363059924,0.0003061068612841856,1.0,64
rgb__cartpole__state__s3,intact,0.09955776139581576,0.00024039312981356697,1.0,64
rgb__cartpole__state__s4,intact,0.09931200520740822,0.0002319780317462144,1.0,64
rgb__walker__constant__s0,intact,0.7789690809897802,0.19645324279223464,0.7789690809897802,64
rgb__walker__constant__s0,frozen_first,0.7789690809897802,0.19645324279223464,0.7789690809897802,64
rgb__walker__constant__s0,random_replay,0.7789690809897802,0.19645324279223464,0.7789690809897802,64
rgb__walker__constant__s0,shuffle_frames,0.7789690809897802,0.19645324279223464,0.7789690809897802,64
rgb__walker__constant__s0,zeros,0.7789690809897802,0.19645324279223464,0.7789690809897802,64
rgb__walker__constant__s0,const_action,0.038175690077267066,0.019744802202681752,0.038175690077267066,64
rgb__walker__constant__s1,intact,0.768916740156339,0.062079012506790654,0.768916740156339,64
rgb__walker__constant__s1,frozen_first,0.768916740156339,0.062079012506790654,0.768916740156339,64
rgb__walker__constant__s1,random_replay,0.768916740156339,0.062079012506790654,0.768916740156339,64
rgb__walker__constant__s1,shuffle_frames,0.768916740156339,0.062079012506790654,0.768916740156339,64
rgb__walker__constant__s1,zeros,0.768916740156339,0.062079012506790654,0.768916740156339,64
rgb__walker__constant__s1,const_action,0.040391409478368584,0.02730900027861064,0.040391409478368584,64
rgb__walker__constant__s2,intact,0.8100597404135188,0.08161853660415291,0.8100597404135188,64
rgb__walker__constant__s2,frozen_first,0.8100597404135188,0.08161853660415291,0.8100597404135188,64
rgb__walker__constant__s2,random_replay,0.8100597404135188,0.08161853660415291,0.8100597404135188,64
rgb__walker__constant__s2,shuffle_frames,0.8100597404135188,0.08161853660415291,0.8100597404135188,64
rgb__walker__constant__s2,zeros,0.8100597404135188,0.08161853660415291,0.8100597404135188,64
rgb__walker__constant__s2,const_action,0.0336500367555127,0.016361973135924284,0.0336500367555127,64
rgb__walker__constant__s3,intact,0.7457469506134802,0.1345413000980914,0.7457469506134802,64
rgb__walker__constant__s3,frozen_first,0.7457469506134802,0.1345413000980914,0.7457469506134802,64
rgb__walker__constant__s3,random_replay,0.7457469506134802,0.1345413000980914,0.7457469506134802,64
rgb__walker__constant__s3,shuffle_frames,0.7457469506134802,0.1345413000980914,0.7457469506134802,64
rgb__walker__constant__s3,zeros,0.7457469506134802,0.1345413000980914,0.7457469506134802,64
rgb__walker__constant__s3,const_action,0.032445521401772565,0.022976071925778895,0.032445521401772565,64
rgb__walker__constant__s4,intact,0.6841977175346984,0.12062532703017331,0.6841977175346984,64
rgb__walker__constant__s4,frozen_first,0.6841977175346984,0.12062532703017331,0.6841977175346984,64
rgb__walker__constant__s4,random_replay,0.6841977175346984,0.12062532703017331,0.6841977175346984,64
rgb__walker__constant__s4,shuffle_frames,0.6841977175346984,0.12062532703017331,0.6841977175346984,64
rgb__walker__constant__s4,zeros,0.6841977175346984,0.12062532703017331,0.6841977175346984,64
rgb__walker__constant__s4,const_action,0.04188867059861514,0.030770528669739575,0.04188867059861514,64
rgb__walker__pixels__s0,intact,0.8065874918793126,0.1321297539359522,0.8065874918793126,64
rgb__walker__pixels__s0,frozen_first,0.25944999857216317,0.31529136874448543,0.25944999857216317,64
rgb__walker__pixels__s0,random_replay,0.6038571439981679,0.3205746150134135,0.6038571439981679,64
rgb__walker__pixels__s0,shuffle_frames,0.7784766562120203,0.16346986352968104,0.7784766562120203,64
rgb__walker__pixels__s0,zeros,0.36974752508167874,0.25116634778028124,0.36974752508167874,64
rgb__walker__pixels__s0,const_action,0.035150217874179365,0.022943430242299813,0.035150217874179365,64
rgb__walker__pixels__s1,intact,0.798897010464003,0.06631414784747434,0.798897010464003,64
rgb__walker__pixels__s1,frozen_first,0.3120640725384801,0.30103910752426555,0.3120640725384801,64
rgb__walker__pixels__s1,random_replay,0.6951895498957601,0.1740362213113106,0.6951895498957601,64
rgb__walker__pixels__s1,shuffle_frames,0.7957227872851362,0.06974014994454396,0.7957227872851362,64
rgb__walker__pixels__s1,zeros,0.18228820695266768,0.10637805317699565,0.18228820695266768,64
rgb__walker__pixels__s1,const_action,0.0354616526018217,0.018642925035763005,0.0354616526018217,64
rgb__walker__pixels__s2,intact,0.8168588383189563,0.06305627866633744,0.8168588383189563,64
rgb__walker__pixels__s2,frozen_first,0.26446907944957637,0.26282522274875686,0.26446907944957637,64
rgb__walker__pixels__s2,random_replay,0.7525927210217196,0.11539499143416443,0.7525927210217196,64
rgb__walker__pixels__s2,shuffle_frames,0.8236214746201149,0.07337402818812974,0.8236214746201149,64
rgb__walker__pixels__s2,zeros,0.179915865635201,0.09113106774368972,0.179915865635201,64
rgb__walker__pixels__s2,const_action,0.029841368750458057,0.016850505319655804,0.029841368750458057,64
rgb__walker__pixels__s3,intact,0.6998529051532825,0.1064996182143716,0.6998529051532825,64
rgb__walker__pixels__s3,frozen_first,0.29587403840991466,0.2932052954260749,0.29587403840991466,64
rgb__walker__pixels__s3,random_replay,0.6648735917930317,0.10629378210620131,0.6648735917930317,64
rgb__walker__pixels__s3,shuffle_frames,0.7069955751899688,0.10373857139721736,0.7069955751899688,64
rgb__walker__pixels__s3,zeros,0.08076959536336653,0.08992849782419286,0.08076959536336653,64
rgb__walker__pixels__s3,const_action,0.036618692837364505,0.0193066968462969,0.036618692837364505,64
rgb__walker__pixels__s4,intact,0.5658665221358751,0.2070380099684616,0.5658665221358751,64
rgb__walker__pixels__s4,frozen_first,0.2594003968045072,0.22896226553086263,0.2594003968045072,64
rgb__walker__pixels__s4,random_replay,0.42796871467468006,0.22600323117129414,0.42796871467468006,64
rgb__walker__pixels__s4,shuffle_frames,0.5478396584956209,0.2125569392642531,0.5478396584956209,64
rgb__walker__pixels__s4,zeros,0.10173486728387071,0.048481963990026564,0.10173486728387071,64
rgb__walker__pixels__s4,const_action,0.04155639693056583,0.0274831976434804,0.04155639693056583,64
rgb__walker__state__s0,intact,0.7857082514247304,0.09733033955739125,0.7857082514247304,64
rgb__walker__state__s1,intact,0.7959026624226535,0.06376314483153213,0.7959026624226535,64
rgb__walker__state__s2,intact,0.5769970059824554,0.30917526139590645,0.5769970059824554,64
rgb__walker__state__s3,intact,0.8084723887264409,0.15515367559697826,0.8084723887264409,64
rgb__walker__state__s4,intact,0.6951137224557314,0.157936446382262,0.6951137224557314,64
