run_id,env,meta,seed,actor_input,rgb_proprio,metric_key,updates,episodes,final_train_return,actor_uses_pixels,actor_uses_pixels_strict,pixel_drop_median,pixel_drop_min,motion_sensitive,performance_drop_fraction_json
rgb__cartpole__constant__s0,CartpoleBalance,nesy,0,pixels+proprio:full,full,upright_fraction_mean,250,64,21.927473068237305,False,False,0.0,0.0,False,"{""frozen_first"": 0.0, ""random_replay"": 0.0, ""shuffle_frames"": 0.0, ""zeros"": 0.0, ""const_action"": 0.31292167319925474}"
rgb__cartpole__constant__s1,CartpoleBalance,nesy,1,pixels+proprio:full,full,upright_fraction_mean,250,64,17.581857681274414,False,False,0.0,0.0,False,"{""frozen_first"": 0.0, ""random_replay"": 0.0, ""shuffle_frames"": 0.0, ""zeros"": 0.0, ""const_action"": 0.3578693441126614}"
rgb__cartpole__constant__s2,CartpoleBalance,nesy,2,pixels+proprio:full,full,upright_fraction_mean,250,64,23.78812599182129,False,False,0.0,0.0,False,"{""frozen_first"": 0.0, ""random_replay"": 0.0, ""shuffle_frames"": 0.0, ""zeros"": 0.0, ""const_action"": 0.3774864971676985}"
rgb__cartpole__constant__s3,CartpoleBalance,nesy,3,pixels+proprio:full,full,upright_fraction_mean,250,64,22.984556198120117,False,False,0.0,0.0,False,"{""frozen_first"": 0.0, ""random_replay"": 0.0, ""shuffle_frames"": 0.0, ""zeros"": 0.0, ""const_action"": 0.28429710554404475}"
rgb__cartpole__constant__s4,CartpoleBalance,nesy,4,pixels+proprio:full,full,upright_fraction_mean,250,64,24.64191246032715,False,False,0.0,0.0,False,"{""frozen_first"": 0.0, ""random_replay"": 0.0, ""shuffle_frames"": 0.0, ""zeros"": 0.0, ""const_action"": 0.40457680250783695}"
rgb__cartpole__pixels__s0,CartpoleBalance,nesy,0,pixels+proprio:full,full,upright_fraction_mean,250,64,24.265506744384766,False,False,0.0,0.0,False,"{""frozen_first"": 0.0, ""random_replay"": 0.0, ""shuffle_frames"": 0.0, ""zeros"": 0.0, ""const_action"": 0.31237499999999996}"
rgb__cartpole__pixels__s1,CartpoleBalance,nesy,1,pixels+proprio:full,full,upright_fraction_mean,250,64,18.337818145751953,False,False,0.00024602263408234494,-8.200754469421209e-05,False,"{""frozen_first"": -8.200754469421209e-05, ""random_replay"": 0.00024602263408234494, ""shuffle_frames"": -8.200754469421209e-05, ""zeros"": 0.047072330654420194, ""const_action"": 0.14080695423978998}"
rgb__cartpole__pixels__s2,CartpoleBalance,nesy,2,pixels+proprio:full,full,upright_fraction_mean,250,64,14.451478958129883,False,False,0.0023272214386459433,0.001057827926657304,False,"{""frozen_first"": 0.001057827926657304, ""random_replay"": 0.0023272214386459433, ""shuffle_frames"": 0.00035260930888568443, ""zeros"": 0.07919605077574043, ""const_action"": 0.207475317348378}"
rgb__cartpole__pixels__s3,CartpoleBalance,nesy,3,pixels+proprio:full,full,upright_fraction_mean,250,64,24.878389358520508,False,False,0.0,0.0,False,"{""frozen_first"": 0.0, ""random_replay"": 0.0, ""shuffle_frames"": 0.0, ""zeros"": 0.0, ""const_action"": 0.29075000000000006}"
rgb__cartpole__pixels__s4,CartpoleBalance,nesy,4,pixels+proprio:full,full,upright_fraction_mean,250,64,24.04351234436035,False,False,0.0,0.0,False,"{""frozen_first"": 0.0, ""random_replay"": 0.0, ""shuffle_frames"": 0.0, ""zeros"": 0.003375000000000017, ""const_action"": 0.29818750000000005}"
rgb__cartpole__state__s0,CartpoleBalance,nesy,0,state,,upright_fraction_mean,250,64,24.165470123291016,,,,,,{}
rgb__cartpole__state__s1,CartpoleBalance,nesy,1,state,,upright_fraction_mean,250,64,22.69260025024414,,,,,,{}
rgb__cartpole__state__s2,CartpoleBalance,nesy,2,state,,upright_fraction_mean,250,64,24.38408088684082,,,,,,{}
rgb__cartpole__state__s3,CartpoleBalance,nesy,3,state,,upright_fraction_mean,250,64,24.89132308959961,,,,,,{}
rgb__cartpole__state__s4,CartpoleBalance,nesy,4,state,,upright_fraction_mean,250,64,24.632347106933594,,,,,,{}
rgb__walker__constant__s0,WalkerWalk,nesy,0,pixels+proprio:full,full,reward_per_step_mean,250,64,187.7447052001953,False,False,0.0,0.0,False,"{""frozen_first"": 0.0, ""random_replay"": 0.0, ""shuffle_frames"": 0.0, ""zeros"": 0.0, ""const_action"": 0.9509920342040278}"
rgb__walker__constant__s1,WalkerWalk,nesy,1,pixels+proprio:full,full,reward_per_step_mean,250,64,190.09495544433594,False,False,0.0,0.0,False,"{""frozen_first"": 0.0, ""random_replay"": 0.0, ""shuffle_frames"": 0.0, ""zeros"": 0.0, ""const_action"": 0.9474697228335072}"
rgb__walker__constant__s2,WalkerWalk,nesy,2,pixels+proprio:full,full,reward_per_step_mean,250,64,196.77188110351562,False,False,0.0,0.0,False,"{""frozen_first"": 0.0, ""random_replay"": 0.0, ""shuffle_frames"": 0.0, ""zeros"": 0.0, ""const_action"": 0.9584598084848223}"
rgb__walker__constant__s3,WalkerWalk,nesy,3,pixels+proprio:full,full,reward_per_step_mean,250,64,197.03990173339844,False,False,0.0,0.0,False,"{""frozen_first"": 0.0, ""random_replay"": 0.0, ""shuffle_frames"": 0.0, ""zeros"": 0.0, ""const_action"": 0.9564925858897825}"
rgb__walker__constant__s4,WalkerWalk,nesy,4,pixels+proprio:full,full,reward_per_step_mean,250,64,164.28750610351562,False,False,0.0,0.0,False,"{""frozen_first"": 0.0, ""random_replay"": 0.0, ""shuffle_frames"": 0.0, ""zeros"": 0.0, ""const_action"": 0.9387769506897093}"
rgb__walker__pixels__s0,WalkerWalk,nesy,0,pixels+proprio:full,full,reward_per_step_mean,250,64,207.4118194580078,True,False,0.5415903063160779,0.2513432825604474,False,"{""frozen_first"": 0.6783361988819633, ""random_replay"": 0.2513432825604474, ""shuffle_frames"": 0.034851564089836355, ""zeros"": 0.5415903063160779, ""const_action"": 0.9564210724464857}"
rgb__walker__pixels__s1,WalkerWalk,nesy,1,pixels+proprio:full,full,reward_per_step_mean,250,64,194.23069763183594,True,False,0.6093813489710871,0.1298133041053804,False,"{""frozen_first"": 0.6093813489710871, ""random_replay"": 0.1298133041053804, ""shuffle_frames"": 0.003973257049770568, ""zeros"": 0.7718251482167973, ""const_action"": 0.9556117345072735}"
rgb__walker__pixels__s2,WalkerWalk,nesy,2,pixels+proprio:full,full,reward_per_step_mean,250,64,198.84506225585938,True,False,0.6762364963892208,0.07867469173681506,False,"{""frozen_first"": 0.6762364963892208, ""random_replay"": 0.07867469173681506, ""shuffle_frames"": -0.008278831034105798, ""zeros"": 0.7797466867035968, ""const_action"": 0.9634681448610267}"
rgb__walker__pixels__s3,WalkerWalk,nesy,3,pixels+proprio:full,full,reward_per_step_mean,250,64,174.8800811767578,True,False,0.5772339641212005,0.049980950429275604,False,"{""frozen_first"": 0.5772339641212005, ""random_replay"": 0.049980950429275604, ""shuffle_frames"": -0.01020595897236712, ""zeros"": 0.8845906121577416, ""const_action"": 0.9476765866545281}"
rgb__walker__pixels__s4,WalkerWalk,nesy,4,pixels+proprio:full,full,reward_per_step_mean,250,64,137.3415985107422,True,False,0.5415873060922655,0.24369317156402334,False,"{""frozen_first"": 0.5415873060922655, ""random_replay"": 0.24369317156402334, ""shuffle_frames"": 0.03185709515419186, ""zeros"": 0.8202140199072561, ""const_action"": 0.9265614852532532}"
rgb__walker__state__s0,WalkerWalk,nesy,0,state,,reward_per_step_mean,250,64,195.6265106201172,,,,,,{}
rgb__walker__state__s1,WalkerWalk,nesy,1,state,,reward_per_step_mean,250,64,197.89581298828125,,,,,,{}
rgb__walker__state__s2,WalkerWalk,nesy,2,state,,reward_per_step_mean,250,64,160.76409912109375,,,,,,{}
rgb__walker__state__s3,WalkerWalk,nesy,3,state,,reward_per_step_mean,250,64,186.80599975585938,,,,,,{}
rgb__walker__state__s4,WalkerWalk,nesy,4,state,,reward_per_step_mean,250,64,188.6476593017578,,,,,,{}
