meta,total_timesteps,budget_multiple,seed,stem,source_dir,success_tail
flat,419430400,16,0,hopper_hop_flat_budget16x_s0,runs/viper,0.443697065114975
flat,419430400,16,1,hopper_hop_flat_budget16x_s1,runs/viper,0.24927759170532227
flat,419430400,16,10,hopper_hop_flat_budget16x_s10,runs/viper,0.44160953164100647
flat,419430400,16,11,hopper_hop_flat_budget16x_s11,runs/viper,0.24904537200927734
flat,419430400,16,2,hopper_hop_flat_budget16x_s2,runs/viper,0.25006723403930664
flat,419430400,16,3,hopper_hop_flat_budget16x_s3,runs/viper,0.25741416215896606
flat,419430400,16,4,hopper_hop_flat_budget16x_s4,runs/viper,0.4754776954650879
flat,419430400,16,5,hopper_hop_flat_budget16x_s5,runs/viper,0.25345486402511597
flat,419430400,16,8,hopper_hop_flat_budget16x_s8,runs/viper,0.24269318580627441
flat,419430400,16,9,hopper_hop_flat_budget16x_s9,runs/viper,0.4898584485054016
flat,52428800,2,0,hopper_hop_flat_budget2x_s0,runs/viper,0.06486549228429794
flat,52428800,2,1,hopper_hop_flat_budget2x_s1,runs/viper,0.29744377732276917
flat,52428800,2,10,hopper_hop_flat_budget2x_s10,runs/viper,0.1325441300868988
flat,52428800,2,11,hopper_hop_flat_budget2x_s11,runs/viper,0.2831323742866516
flat,52428800,2,2,hopper_hop_flat_budget2x_s2,runs/viper,0.35179978609085083
flat,52428800,2,3,hopper_hop_flat_budget2x_s3,runs/viper,0.12889805436134338
flat,52428800,2,4,hopper_hop_flat_budget2x_s4,runs/viper,0.12446479499340057
flat,52428800,2,5,hopper_hop_flat_budget2x_s5,runs/viper,0.29062214493751526
flat,52428800,2,6,hopper_hop_flat_budget2x_s6,runs/viper,0.20044192671775818
flat,52428800,2,7,hopper_hop_flat_budget2x_s7,runs/viper,0.06838683784008026
flat,52428800,2,8,hopper_hop_flat_budget2x_s8,runs/viper,0.2033737152814865
flat,52428800,2,9,hopper_hop_flat_budget2x_s9,runs/viper,0.24942302703857422
flat,838860800,32,0,hopper_hop_flat_budget32x_s0,runs/viper,0.2350960224866867
flat,838860800,32,1,hopper_hop_flat_budget32x_s1,runs/viper,0.4902890622615814
flat,838860800,32,2,hopper_hop_flat_budget32x_s2,runs/viper,0.2757706046104431
flat,104857600,4,0,hopper_hop_flat_budget4x_s0,runs/viper,0.37216129899024963
flat,104857600,4,1,hopper_hop_flat_budget4x_s1,runs/viper,0.23486757278442383
flat,104857600,4,10,hopper_hop_flat_budget4x_s10,runs/viper,0.437164306640625
flat,104857600,4,11,hopper_hop_flat_budget4x_s11,runs/viper,0.3626628816127777
flat,104857600,4,2,hopper_hop_flat_budget4x_s2,runs/viper,0.14826306700706482
flat,104857600,4,3,hopper_hop_flat_budget4x_s3,runs/viper,0.268513023853302
flat,104857600,4,4,hopper_hop_flat_budget4x_s4,runs/viper,0.26917630434036255
flat,104857600,4,5,hopper_hop_flat_budget4x_s5,runs/viper,0.3052806854248047
flat,104857600,4,6,hopper_hop_flat_budget4x_s6,runs/viper,0.4071558117866516
flat,104857600,4,7,hopper_hop_flat_budget4x_s7,runs/viper,0.25116443634033203
flat,104857600,4,8,hopper_hop_flat_budget4x_s8,runs/viper,0.24766388535499573
flat,104857600,4,9,hopper_hop_flat_budget4x_s9,runs/viper,0.2640731930732727
flat,209715200,8,0,hopper_hop_flat_budget8x_s0,runs/viper,0.48277896642684937
flat,209715200,8,1,hopper_hop_flat_budget8x_s1,runs/viper,0.2824033796787262
flat,209715200,8,10,hopper_hop_flat_budget8x_s10,runs/viper,0.44792550802230835
flat,209715200,8,11,hopper_hop_flat_budget8x_s11,runs/viper,0.4046800136566162
flat,209715200,8,2,hopper_hop_flat_budget8x_s2,runs/viper,0.282245934009552
flat,209715200,8,3,hopper_hop_flat_budget8x_s3,runs/viper,0.27526116371154785
flat,209715200,8,4,hopper_hop_flat_budget8x_s4,runs/viper,0.27407971024513245
flat,209715200,8,5,hopper_hop_flat_budget8x_s5,runs/viper,0.4759177565574646
flat,209715200,8,6,hopper_hop_flat_budget8x_s6,runs/viper,0.45362502336502075
flat,209715200,8,7,hopper_hop_flat_budget8x_s7,runs/viper,0.25383180379867554
flat,209715200,8,8,hopper_hop_flat_budget8x_s8,runs/viper,0.2799754738807678
flat,209715200,8,9,hopper_hop_flat_budget8x_s9,runs/viper,0.2641725540161133
flat,26214400,1,0,hopper_hop_flat_s0,runs/viper,0.1475505828857422
flat,26214400,1,1,hopper_hop_flat_s1,runs/viper,0.0018302917014807463
flat,26214400,1,10,hopper_hop_flat_s10,runs/viper,0.12632599472999573
flat,26214400,1,11,hopper_hop_flat_s11,runs/viper,0.13335342705249786
flat,26214400,1,12,hopper_hop_flat_s12,runs/viper,0.31575316190719604
flat,26214400,1,13,hopper_hop_flat_s13,runs/viper,0.11127891391515732
flat,26214400,1,14,hopper_hop_flat_s14,runs/viper,0.1083751693367958
flat,26214400,1,15,hopper_hop_flat_s15,runs/viper,0.12783432006835938
flat,26214400,1,16,hopper_hop_flat_s16,runs/viper,0.0738426223397255
flat,26214400,1,17,hopper_hop_flat_s17,runs/viper,0.1499660462141037
flat,26214400,1,18,hopper_hop_flat_s18,runs/viper,0.11394043266773224
flat,26214400,1,19,hopper_hop_flat_s19,runs/viper,0.06319542229175568
flat,26214400,1,2,hopper_hop_flat_s2,runs/viper,0.0011486053699627519
flat,26214400,1,20,hopper_hop_flat_s20,runs/viper,0.0020584105513989925
flat,26214400,1,21,hopper_hop_flat_s21,runs/viper,0.1785232573747635
flat,26214400,1,22,hopper_hop_flat_s22,runs/viper,0.08092384040355682
flat,26214400,1,23,hopper_hop_flat_s23,runs/viper,0.1221771240234375
flat,26214400,1,24,hopper_hop_flat_s24,runs/viper,0.12659530341625214
flat,26214400,1,25,hopper_hop_flat_s25,runs/viper,0.0007766723865643144
flat,26214400,1,26,hopper_hop_flat_s26,runs/viper,0.3086872100830078
flat,26214400,1,27,hopper_hop_flat_s27,runs/viper,0.12128143012523651
flat,26214400,1,28,hopper_hop_flat_s28,runs/viper,0.16195449233055115
flat,26214400,1,29,hopper_hop_flat_s29,runs/viper,0.30129051208496094
flat,26214400,1,3,hopper_hop_flat_s3,runs/viper,0.0024139403831213713
flat,26214400,1,30,hopper_hop_flat_s30,runs/viper,0.0012222289806231856
flat,26214400,1,31,hopper_hop_flat_s31,runs/viper,0.0012348175514489412
flat,26214400,1,32,hopper_hop_flat_s32,runs/viper,0.22861213982105255
flat,26214400,1,33,hopper_hop_flat_s33,runs/viper,0.1522800475358963
flat,26214400,1,34,hopper_hop_flat_s34,runs/viper,0.0014636993873864412
flat,26214400,1,35,hopper_hop_flat_s35,runs/viper,0.29433631896972656
flat,26214400,1,36,hopper_hop_flat_s36,runs/viper,0.15423087775707245
flat,26214400,1,37,hopper_hop_flat_s37,runs/viper,0.0011402129894122481
flat,26214400,1,38,hopper_hop_flat_s38,runs/viper,0.13146629929542542
flat,26214400,1,39,hopper_hop_flat_s39,runs/viper,0.00162506103515625
flat,26214400,1,4,hopper_hop_flat_s4,runs/viper,0.12393760681152344
flat,26214400,1,40,hopper_hop_flat_s40,runs/viper,0.0013877868186682463
flat,26214400,1,41,hopper_hop_flat_s41,runs/viper,0.24351462721824646
flat,26214400,1,42,hopper_hop_flat_s42,runs/viper,0.291512668132782
flat,26214400,1,5,hopper_hop_flat_s5,runs/viper,0.07419051975011826
flat,26214400,1,6,hopper_hop_flat_s6,runs/viper,0.13237914443016052
flat,26214400,1,7,hopper_hop_flat_s7,runs/viper,0.14602355659008026
flat,26214400,1,8,hopper_hop_flat_s8,runs/viper,0.14374923706054688
flat,26214400,1,9,hopper_hop_flat_s9,runs/viper,0.2563663423061371
flat,419430400,16,6,hopper_hop_flat_budget16x_s6,runs/verify,0.277133047580719
flat,419430400,16,7,hopper_hop_flat_budget16x_s7,runs/verify,0.22922906279563904
nesy,104857600,4,0,hopper_hop_nesy_budget4x_s0,runs/verify,0.2715536057949066
nesy,104857600,4,1,hopper_hop_nesy_budget4x_s1,runs/verify,0.2545904219150543
nesy,104857600,4,2,hopper_hop_nesy_budget4x_s2,runs/verify,0.32152310013771057
nesy,209715200,8,0,hopper_hop_nesy_budget8x_s0,runs/verify,0.5264111757278442
nesy,209715200,8,1,hopper_hop_nesy_budget8x_s1,runs/verify,0.5057531595230103
nesy,209715200,8,2,hopper_hop_nesy_budget8x_s2,runs/verify,0.5069707036018372
nesy,209715200,8,3,hopper_hop_nesy_budget8x_s3,runs/verify,0.47585469484329224
nesy,209715200,8,4,hopper_hop_nesy_budget8x_s4,runs/verify,0.5019193291664124
nesy,209715200,8,5,hopper_hop_nesy_budget8x_s5,runs/verify,0.5166338682174683
nesy,26214400,1,0,hopper_hop_nesy_matched_s0,runs/verify,0.0011417388450354338
nesy,26214400,1,1,hopper_hop_nesy_matched_s1,runs/verify,0.13995857536792755
nesy,26214400,1,10,hopper_hop_nesy_matched_s10,runs/verify,0.3220832943916321
nesy,26214400,1,11,hopper_hop_nesy_matched_s11,runs/verify,0.14545516669750214
nesy,26214400,1,2,hopper_hop_nesy_matched_s2,runs/verify,0.13127708435058594
nesy,26214400,1,3,hopper_hop_nesy_matched_s3,runs/verify,0.3122325837612152
nesy,26214400,1,4,hopper_hop_nesy_matched_s4,runs/verify,0.13900069892406464
nesy,26214400,1,5,hopper_hop_nesy_matched_s5,runs/verify,0.12364616245031357
nesy,26214400,1,6,hopper_hop_nesy_matched_s6,runs/verify,0.14029236137866974
nesy,26214400,1,7,hopper_hop_nesy_matched_s7,runs/verify,0.3166927397251129
nesy,26214400,1,8,hopper_hop_nesy_matched_s8,runs/verify,0.31088218092918396
nesy,26214400,1,9,hopper_hop_nesy_matched_s9,runs/verify,0.14158935844898224
nesy,52428800,2,0,hopper_hop_nesy_v2_s0,runs/verify,0.17171593010425568
nesy,52428800,2,1,hopper_hop_nesy_v2_s1,runs/verify,0.1723400056362152
nesy,52428800,2,10,hopper_hop_nesy_v2_s10,runs/verify,0.40662211179733276
nesy,52428800,2,11,hopper_hop_nesy_v2_s11,runs/verify,0.23072147369384766
nesy,52428800,2,12,hopper_hop_nesy_v2_s12,runs/verify,0.3565405011177063
nesy,52428800,2,13,hopper_hop_nesy_v2_s13,runs/verify,0.34748154878616333
nesy,52428800,2,14,hopper_hop_nesy_v2_s14,runs/verify,0.16209964454174042
nesy,52428800,2,2,hopper_hop_nesy_v2_s2,runs/verify,0.23530979454517365
nesy,52428800,2,3,hopper_hop_nesy_v2_s3,runs/verify,0.1711265593767166
nesy,52428800,2,4,hopper_hop_nesy_v2_s4,runs/verify,0.3631114959716797
nesy,52428800,2,5,hopper_hop_nesy_v2_s5,runs/verify,0.16608695685863495
nesy,52428800,2,6,hopper_hop_nesy_v2_s6,runs/verify,0.40827637910842896
nesy,52428800,2,7,hopper_hop_nesy_v2_s7,runs/verify,0.2755395770072937
nesy,52428800,2,8,hopper_hop_nesy_v2_s8,runs/verify,0.17134380340576172
nesy,52428800,2,9,hopper_hop_nesy_v2_s9,runs/verify,0.3846185803413391
neural,52428800,2,0,hopper_hop_neural_budget2x_s0,runs/verify,0.2639583647251129
neural,52428800,2,1,hopper_hop_neural_budget2x_s1,runs/verify,0.2861021161079407
neural,52428800,2,2,hopper_hop_neural_budget2x_s2,runs/verify,0.41824570298194885
neural,52428800,2,3,hopper_hop_neural_budget2x_s3,runs/verify,0.2685142457485199
neural,52428800,2,4,hopper_hop_neural_budget2x_s4,runs/verify,0.25150221586227417
neural,52428800,2,5,hopper_hop_neural_budget2x_s5,runs/verify,0.2810831069946289
neural,104857600,4,0,hopper_hop_neural_budget4x_s0,runs/verify,0.5228562355041504
neural,104857600,4,1,hopper_hop_neural_budget4x_s1,runs/verify,0.5142456293106079
neural,104857600,4,2,hopper_hop_neural_budget4x_s2,runs/verify,0.5068508982658386
neural,104857600,4,3,hopper_hop_neural_budget4x_s3,runs/verify,0.4962233603000641
neural,104857600,4,4,hopper_hop_neural_budget4x_s4,runs/verify,0.5277953147888184
neural,104857600,4,5,hopper_hop_neural_budget4x_s5,runs/verify,0.5204572677612305
neural,209715200,8,0,hopper_hop_neural_budget8x_s0,runs/verify,0.5101854801177979
neural,209715200,8,1,hopper_hop_neural_budget8x_s1,runs/verify,0.5351055860519409
neural,209715200,8,2,hopper_hop_neural_budget8x_s2,runs/verify,0.5372581481933594
neural,209715200,8,3,hopper_hop_neural_budget8x_s3,runs/verify,0.5334198474884033
neural,209715200,8,4,hopper_hop_neural_budget8x_s4,runs/verify,0.5294885039329529
neural,209715200,8,5,hopper_hop_neural_budget8x_s5,runs/verify,0.5115913152694702
neural,26214400,1,0,hopper_hop_neural_v2_s0,runs/verify,0.1565902680158615
neural,26214400,1,1,hopper_hop_neural_v2_s1,runs/verify,0.16174888610839844
neural,26214400,1,10,hopper_hop_neural_v2_s10,runs/verify,0.3430770933628082
neural,26214400,1,11,hopper_hop_neural_v2_s11,runs/verify,0.16575774550437927
neural,26214400,1,12,hopper_hop_neural_v2_s12,runs/verify,0.1677074432373047
neural,26214400,1,13,hopper_hop_neural_v2_s13,runs/verify,0.1685306578874588
neural,26214400,1,14,hopper_hop_neural_v2_s14,runs/verify,0.1459098756313324
neural,26214400,1,2,hopper_hop_neural_v2_s2,runs/verify,0.33387452363967896
neural,26214400,1,3,hopper_hop_neural_v2_s3,runs/verify,0.1548255980014801
neural,26214400,1,4,hopper_hop_neural_v2_s4,runs/verify,0.17837944626808167
neural,26214400,1,5,hopper_hop_neural_v2_s5,runs/verify,0.34422188997268677
neural,26214400,1,6,hopper_hop_neural_v2_s6,runs/verify,0.16338157653808594
neural,26214400,1,7,hopper_hop_neural_v2_s7,runs/verify,0.15970344841480255
neural,26214400,1,8,hopper_hop_neural_v2_s8,runs/verify,0.16535797715187073
neural,26214400,1,9,hopper_hop_neural_v2_s9,runs/verify,0.3137340545654297
