id,group,task,env,method,seed,proposal_family,budget,engine,repo,config,spec
core__hopper__flat__s0,core,hopper,HopperHop,flat,0,,117964800,state,core,configs/core__hopper__flat__s0.yaml,
core__hopper__flat__s1,core,hopper,HopperHop,flat,1,,117964800,state,core,configs/core__hopper__flat__s1.yaml,
core__hopper__flat__s2,core,hopper,HopperHop,flat,2,,117964800,state,core,configs/core__hopper__flat__s2.yaml,
core__hopper__flat__s3,core,hopper,HopperHop,flat,3,,117964800,state,core,configs/core__hopper__flat__s3.yaml,
core__hopper__flat__s4,core,hopper,HopperHop,flat,4,,117964800,state,core,configs/core__hopper__flat__s4.yaml,
core__hopper__hpqn__s0,core,hopper,HopperHop,hpqn,0,,117964800,state,core,configs/core__hopper__hpqn__s0.yaml,
core__hopper__hpqn__s1,core,hopper,HopperHop,hpqn,1,,117964800,state,core,configs/core__hopper__hpqn__s1.yaml,
core__hopper__hpqn__s2,core,hopper,HopperHop,hpqn,2,,117964800,state,core,configs/core__hopper__hpqn__s2.yaml,
core__hopper__hpqn__s3,core,hopper,HopperHop,hpqn,3,,117964800,state,core,configs/core__hopper__hpqn__s3.yaml,
core__hopper__hpqn__s4,core,hopper,HopperHop,hpqn,4,,117964800,state,core,configs/core__hopper__hpqn__s4.yaml,
core__hopper__neural__s0,core,hopper,HopperHop,neural,0,,117964800,state,core,configs/core__hopper__neural__s0.yaml,
core__hopper__neural__s1,core,hopper,HopperHop,neural,1,,117964800,state,core,configs/core__hopper__neural__s1.yaml,
core__hopper__neural__s2,core,hopper,HopperHop,neural,2,,117964800,state,core,configs/core__hopper__neural__s2.yaml,
core__hopper__neural__s3,core,hopper,HopperHop,neural,3,,117964800,state,core,configs/core__hopper__neural__s3.yaml,
core__hopper__neural__s4,core,hopper,HopperHop,neural,4,,117964800,state,core,configs/core__hopper__neural__s4.yaml,
core__hopper__symbolic__s0,core,hopper,HopperHop,symbolic,0,,117964800,state,core,configs/core__hopper__symbolic__s0.yaml,
core__hopper__symbolic__s1,core,hopper,HopperHop,symbolic,1,,117964800,state,core,configs/core__hopper__symbolic__s1.yaml,
core__hopper__symbolic__s2,core,hopper,HopperHop,symbolic,2,,117964800,state,core,configs/core__hopper__symbolic__s2.yaml,
core__hopper__symbolic__s3,core,hopper,HopperHop,symbolic,3,,117964800,state,core,configs/core__hopper__symbolic__s3.yaml,
core__hopper__symbolic__s4,core,hopper,HopperHop,symbolic,4,,117964800,state,core,configs/core__hopper__symbolic__s4.yaml,
core__hopper__nesy__s0,core,hopper,HopperHop,nesy,0,,117964800,state,core,configs/core__hopper__nesy__s0.yaml,
core__hopper__nesy__s1,core,hopper,HopperHop,nesy,1,,117964800,state,core,configs/core__hopper__nesy__s1.yaml,
core__hopper__nesy__s2,core,hopper,HopperHop,nesy,2,,117964800,state,core,configs/core__hopper__nesy__s2.yaml,
core__hopper__nesy__s3,core,hopper,HopperHop,nesy,3,,117964800,state,core,configs/core__hopper__nesy__s3.yaml,
core__hopper__nesy__s4,core,hopper,HopperHop,nesy,4,,117964800,state,core,configs/core__hopper__nesy__s4.yaml,
core__hopper__ppo__s0,core,hopper,HopperHop,ppo,0,,117964800,ppo,core,configs/core__hopper__ppo__s0.yaml,
core__hopper__ppo__s1,core,hopper,HopperHop,ppo,1,,117964800,ppo,core,configs/core__hopper__ppo__s1.yaml,
core__hopper__ppo__s2,core,hopper,HopperHop,ppo,2,,117964800,ppo,core,configs/core__hopper__ppo__s2.yaml,
core__hopper__ppo__s3,core,hopper,HopperHop,ppo,3,,117964800,ppo,core,configs/core__hopper__ppo__s3.yaml,
core__hopper__ppo__s4,core,hopper,HopperHop,ppo,4,,117964800,ppo,core,configs/core__hopper__ppo__s4.yaml,
core__go1__flat__s0,core,go1,Go1JoystickFlatTerrain,flat,0,,32768000,state,core,configs/core__go1__flat__s0.yaml,
core__go1__flat__s1,core,go1,Go1JoystickFlatTerrain,flat,1,,32768000,state,core,configs/core__go1__flat__s1.yaml,
core__go1__flat__s2,core,go1,Go1JoystickFlatTerrain,flat,2,,32768000,state,core,configs/core__go1__flat__s2.yaml,
core__go1__flat__s3,core,go1,Go1JoystickFlatTerrain,flat,3,,32768000,state,core,configs/core__go1__flat__s3.yaml,
core__go1__flat__s4,core,go1,Go1JoystickFlatTerrain,flat,4,,32768000,state,core,configs/core__go1__flat__s4.yaml,
core__go1__hpqn__s0,core,go1,Go1JoystickFlatTerrain,hpqn,0,,32768000,state,core,configs/core__go1__hpqn__s0.yaml,
core__go1__hpqn__s1,core,go1,Go1JoystickFlatTerrain,hpqn,1,,32768000,state,core,configs/core__go1__hpqn__s1.yaml,
core__go1__hpqn__s2,core,go1,Go1JoystickFlatTerrain,hpqn,2,,32768000,state,core,configs/core__go1__hpqn__s2.yaml,
core__go1__hpqn__s3,core,go1,Go1JoystickFlatTerrain,hpqn,3,,32768000,state,core,configs/core__go1__hpqn__s3.yaml,
core__go1__hpqn__s4,core,go1,Go1JoystickFlatTerrain,hpqn,4,,32768000,state,core,configs/core__go1__hpqn__s4.yaml,
core__go1__neural__s0,core,go1,Go1JoystickFlatTerrain,neural,0,,32768000,state,core,configs/core__go1__neural__s0.yaml,
core__go1__neural__s1,core,go1,Go1JoystickFlatTerrain,neural,1,,32768000,state,core,configs/core__go1__neural__s1.yaml,
core__go1__neural__s2,core,go1,Go1JoystickFlatTerrain,neural,2,,32768000,state,core,configs/core__go1__neural__s2.yaml,
core__go1__neural__s3,core,go1,Go1JoystickFlatTerrain,neural,3,,32768000,state,core,configs/core__go1__neural__s3.yaml,
core__go1__neural__s4,core,go1,Go1JoystickFlatTerrain,neural,4,,32768000,state,core,configs/core__go1__neural__s4.yaml,
core__go1__symbolic__s0,core,go1,Go1JoystickFlatTerrain,symbolic,0,,32768000,state,core,configs/core__go1__symbolic__s0.yaml,
core__go1__symbolic__s1,core,go1,Go1JoystickFlatTerrain,symbolic,1,,32768000,state,core,configs/core__go1__symbolic__s1.yaml,
core__go1__symbolic__s2,core,go1,Go1JoystickFlatTerrain,symbolic,2,,32768000,state,core,configs/core__go1__symbolic__s2.yaml,
core__go1__symbolic__s3,core,go1,Go1JoystickFlatTerrain,symbolic,3,,32768000,state,core,configs/core__go1__symbolic__s3.yaml,
core__go1__symbolic__s4,core,go1,Go1JoystickFlatTerrain,symbolic,4,,32768000,state,core,configs/core__go1__symbolic__s4.yaml,
core__go1__nesy__s0,core,go1,Go1JoystickFlatTerrain,nesy,0,,32768000,state,core,configs/core__go1__nesy__s0.yaml,
core__go1__nesy__s1,core,go1,Go1JoystickFlatTerrain,nesy,1,,32768000,state,core,configs/core__go1__nesy__s1.yaml,
core__go1__nesy__s2,core,go1,Go1JoystickFlatTerrain,nesy,2,,32768000,state,core,configs/core__go1__nesy__s2.yaml,
core__go1__nesy__s3,core,go1,Go1JoystickFlatTerrain,nesy,3,,32768000,state,core,configs/core__go1__nesy__s3.yaml,
core__go1__nesy__s4,core,go1,Go1JoystickFlatTerrain,nesy,4,,32768000,state,core,configs/core__go1__nesy__s4.yaml,
core__go1__ppo__s0,core,go1,Go1JoystickFlatTerrain,ppo,0,,32768000,ppo,core,configs/core__go1__ppo__s0.yaml,
core__go1__ppo__s1,core,go1,Go1JoystickFlatTerrain,ppo,1,,32768000,ppo,core,configs/core__go1__ppo__s1.yaml,
core__go1__ppo__s2,core,go1,Go1JoystickFlatTerrain,ppo,2,,32768000,ppo,core,configs/core__go1__ppo__s2.yaml,
core__go1__ppo__s3,core,go1,Go1JoystickFlatTerrain,ppo,3,,32768000,ppo,core,configs/core__go1__ppo__s3.yaml,
core__go1__ppo__s4,core,go1,Go1JoystickFlatTerrain,ppo,4,,32768000,ppo,core,configs/core__go1__ppo__s4.yaml,
llm_reference__cheetah__nesy__s0,llm_reference,cheetah,CheetahRun,nesy,0,,52428800,state,core,configs/llm_reference__cheetah__nesy__s0.yaml,
llm_reference__cheetah__nesy__s1,llm_reference,cheetah,CheetahRun,nesy,1,,52428800,state,core,configs/llm_reference__cheetah__nesy__s1.yaml,
llm_reference__cheetah__nesy__s2,llm_reference,cheetah,CheetahRun,nesy,2,,52428800,state,core,configs/llm_reference__cheetah__nesy__s2.yaml,
llm_reference__cheetah__nesy__s3,llm_reference,cheetah,CheetahRun,nesy,3,,52428800,state,core,configs/llm_reference__cheetah__nesy__s3.yaml,
llm_reference__cheetah__nesy__s4,llm_reference,cheetah,CheetahRun,nesy,4,,52428800,state,core,configs/llm_reference__cheetah__nesy__s4.yaml,
llm_pilot__cheetah__initial__g0__s900,llm_pilot,cheetah,CheetahRun,initial,900,0,13107200,state,core,configs/llm_pilot__cheetah__initial__g0__s900.yaml,cheetah/g0/initial.json
llm_final__cheetah__initial__g0__s0,llm_final,cheetah,CheetahRun,initial,0,0,52428800,state,core,configs/llm_final__cheetah__initial__g0__s0.yaml,cheetah/g0/initial.json
llm_final__cheetah__initial__g0__s1,llm_final,cheetah,CheetahRun,initial,1,0,52428800,state,core,configs/llm_final__cheetah__initial__g0__s1.yaml,cheetah/g0/initial.json
llm_final__cheetah__refined__g0__s0,llm_final,cheetah,CheetahRun,refined,0,0,52428800,state,core,configs/llm_final__cheetah__refined__g0__s0.yaml,cheetah/g0/refined.json
llm_final__cheetah__refined__g0__s1,llm_final,cheetah,CheetahRun,refined,1,0,52428800,state,core,configs/llm_final__cheetah__refined__g0__s1.yaml,cheetah/g0/refined.json
llm_final__cheetah__resample__g0__s0,llm_final,cheetah,CheetahRun,resample,0,0,52428800,state,core,configs/llm_final__cheetah__resample__g0__s0.yaml,cheetah/g0/resample.json
llm_final__cheetah__resample__g0__s1,llm_final,cheetah,CheetahRun,resample,1,0,52428800,state,core,configs/llm_final__cheetah__resample__g0__s1.yaml,cheetah/g0/resample.json
llm_pilot__cheetah__initial__g1__s901,llm_pilot,cheetah,CheetahRun,initial,901,1,13107200,state,core,configs/llm_pilot__cheetah__initial__g1__s901.yaml,cheetah/g1/initial.json
llm_final__cheetah__initial__g1__s0,llm_final,cheetah,CheetahRun,initial,0,1,52428800,state,core,configs/llm_final__cheetah__initial__g1__s0.yaml,cheetah/g1/initial.json
llm_final__cheetah__initial__g1__s1,llm_final,cheetah,CheetahRun,initial,1,1,52428800,state,core,configs/llm_final__cheetah__initial__g1__s1.yaml,cheetah/g1/initial.json
llm_final__cheetah__refined__g1__s0,llm_final,cheetah,CheetahRun,refined,0,1,52428800,state,core,configs/llm_final__cheetah__refined__g1__s0.yaml,cheetah/g1/refined.json
llm_final__cheetah__refined__g1__s1,llm_final,cheetah,CheetahRun,refined,1,1,52428800,state,core,configs/llm_final__cheetah__refined__g1__s1.yaml,cheetah/g1/refined.json
llm_final__cheetah__resample__g1__s0,llm_final,cheetah,CheetahRun,resample,0,1,52428800,state,core,configs/llm_final__cheetah__resample__g1__s0.yaml,cheetah/g1/resample.json
llm_final__cheetah__resample__g1__s1,llm_final,cheetah,CheetahRun,resample,1,1,52428800,state,core,configs/llm_final__cheetah__resample__g1__s1.yaml,cheetah/g1/resample.json
llm_pilot__cheetah__initial__g2__s902,llm_pilot,cheetah,CheetahRun,initial,902,2,13107200,state,core,configs/llm_pilot__cheetah__initial__g2__s902.yaml,cheetah/g2/initial.json
llm_final__cheetah__initial__g2__s0,llm_final,cheetah,CheetahRun,initial,0,2,52428800,state,core,configs/llm_final__cheetah__initial__g2__s0.yaml,cheetah/g2/initial.json
llm_final__cheetah__initial__g2__s1,llm_final,cheetah,CheetahRun,initial,1,2,52428800,state,core,configs/llm_final__cheetah__initial__g2__s1.yaml,cheetah/g2/initial.json
llm_final__cheetah__refined__g2__s0,llm_final,cheetah,CheetahRun,refined,0,2,52428800,state,core,configs/llm_final__cheetah__refined__g2__s0.yaml,cheetah/g2/refined.json
llm_final__cheetah__refined__g2__s1,llm_final,cheetah,CheetahRun,refined,1,2,52428800,state,core,configs/llm_final__cheetah__refined__g2__s1.yaml,cheetah/g2/refined.json
llm_final__cheetah__resample__g2__s0,llm_final,cheetah,CheetahRun,resample,0,2,52428800,state,core,configs/llm_final__cheetah__resample__g2__s0.yaml,cheetah/g2/resample.json
llm_final__cheetah__resample__g2__s1,llm_final,cheetah,CheetahRun,resample,1,2,52428800,state,core,configs/llm_final__cheetah__resample__g2__s1.yaml,cheetah/g2/resample.json
llm_reference__walker__nesy__s0,llm_reference,walker,WalkerWalk,nesy,0,,52428800,state,core,configs/llm_reference__walker__nesy__s0.yaml,
llm_reference__walker__nesy__s1,llm_reference,walker,WalkerWalk,nesy,1,,52428800,state,core,configs/llm_reference__walker__nesy__s1.yaml,
llm_reference__walker__nesy__s2,llm_reference,walker,WalkerWalk,nesy,2,,52428800,state,core,configs/llm_reference__walker__nesy__s2.yaml,
llm_reference__walker__nesy__s3,llm_reference,walker,WalkerWalk,nesy,3,,52428800,state,core,configs/llm_reference__walker__nesy__s3.yaml,
llm_reference__walker__nesy__s4,llm_reference,walker,WalkerWalk,nesy,4,,52428800,state,core,configs/llm_reference__walker__nesy__s4.yaml,
llm_pilot__walker__initial__g0__s900,llm_pilot,walker,WalkerWalk,initial,900,0,13107200,state,core,configs/llm_pilot__walker__initial__g0__s900.yaml,walker/g0/initial.json
llm_final__walker__initial__g0__s0,llm_final,walker,WalkerWalk,initial,0,0,52428800,state,core,configs/llm_final__walker__initial__g0__s0.yaml,walker/g0/initial.json
llm_final__walker__initial__g0__s1,llm_final,walker,WalkerWalk,initial,1,0,52428800,state,core,configs/llm_final__walker__initial__g0__s1.yaml,walker/g0/initial.json
llm_final__walker__refined__g0__s0,llm_final,walker,WalkerWalk,refined,0,0,52428800,state,core,configs/llm_final__walker__refined__g0__s0.yaml,walker/g0/refined.json
llm_final__walker__refined__g0__s1,llm_final,walker,WalkerWalk,refined,1,0,52428800,state,core,configs/llm_final__walker__refined__g0__s1.yaml,walker/g0/refined.json
llm_final__walker__resample__g0__s0,llm_final,walker,WalkerWalk,resample,0,0,52428800,state,core,configs/llm_final__walker__resample__g0__s0.yaml,walker/g0/resample.json
llm_final__walker__resample__g0__s1,llm_final,walker,WalkerWalk,resample,1,0,52428800,state,core,configs/llm_final__walker__resample__g0__s1.yaml,walker/g0/resample.json
llm_pilot__walker__initial__g1__s901,llm_pilot,walker,WalkerWalk,initial,901,1,13107200,state,core,configs/llm_pilot__walker__initial__g1__s901.yaml,walker/g1/initial.json
llm_final__walker__initial__g1__s0,llm_final,walker,WalkerWalk,initial,0,1,52428800,state,core,configs/llm_final__walker__initial__g1__s0.yaml,walker/g1/initial.json
llm_final__walker__initial__g1__s1,llm_final,walker,WalkerWalk,initial,1,1,52428800,state,core,configs/llm_final__walker__initial__g1__s1.yaml,walker/g1/initial.json
llm_final__walker__refined__g1__s0,llm_final,walker,WalkerWalk,refined,0,1,52428800,state,core,configs/llm_final__walker__refined__g1__s0.yaml,walker/g1/refined.json
llm_final__walker__refined__g1__s1,llm_final,walker,WalkerWalk,refined,1,1,52428800,state,core,configs/llm_final__walker__refined__g1__s1.yaml,walker/g1/refined.json
llm_final__walker__resample__g1__s0,llm_final,walker,WalkerWalk,resample,0,1,52428800,state,core,configs/llm_final__walker__resample__g1__s0.yaml,walker/g1/resample.json
llm_final__walker__resample__g1__s1,llm_final,walker,WalkerWalk,resample,1,1,52428800,state,core,configs/llm_final__walker__resample__g1__s1.yaml,walker/g1/resample.json
llm_pilot__walker__initial__g2__s902,llm_pilot,walker,WalkerWalk,initial,902,2,13107200,state,core,configs/llm_pilot__walker__initial__g2__s902.yaml,walker/g2/initial.json
llm_final__walker__initial__g2__s0,llm_final,walker,WalkerWalk,initial,0,2,52428800,state,core,configs/llm_final__walker__initial__g2__s0.yaml,walker/g2/initial.json
llm_final__walker__initial__g2__s1,llm_final,walker,WalkerWalk,initial,1,2,52428800,state,core,configs/llm_final__walker__initial__g2__s1.yaml,walker/g2/initial.json
llm_final__walker__refined__g2__s0,llm_final,walker,WalkerWalk,refined,0,2,52428800,state,core,configs/llm_final__walker__refined__g2__s0.yaml,walker/g2/refined.json
llm_final__walker__refined__g2__s1,llm_final,walker,WalkerWalk,refined,1,2,52428800,state,core,configs/llm_final__walker__refined__g2__s1.yaml,walker/g2/refined.json
llm_final__walker__resample__g2__s0,llm_final,walker,WalkerWalk,resample,0,2,52428800,state,core,configs/llm_final__walker__resample__g2__s0.yaml,walker/g2/resample.json
llm_final__walker__resample__g2__s1,llm_final,walker,WalkerWalk,resample,1,2,52428800,state,core,configs/llm_final__walker__resample__g2__s1.yaml,walker/g2/resample.json
rgb__cartpole__state__s0,rgb,cartpole,CartpoleBalance,state,0,,2048000,rgb,rgb,configs/rgb__cartpole__state__s0.yaml,
rgb__cartpole__state__s1,rgb,cartpole,CartpoleBalance,state,1,,2048000,rgb,rgb,configs/rgb__cartpole__state__s1.yaml,
rgb__cartpole__state__s2,rgb,cartpole,CartpoleBalance,state,2,,2048000,rgb,rgb,configs/rgb__cartpole__state__s2.yaml,
rgb__cartpole__state__s3,rgb,cartpole,CartpoleBalance,state,3,,2048000,rgb,rgb,configs/rgb__cartpole__state__s3.yaml,
rgb__cartpole__state__s4,rgb,cartpole,CartpoleBalance,state,4,,2048000,rgb,rgb,configs/rgb__cartpole__state__s4.yaml,
rgb__cartpole__pixels__s0,rgb,cartpole,CartpoleBalance,pixels,0,,2048000,rgb,rgb,configs/rgb__cartpole__pixels__s0.yaml,
rgb__cartpole__pixels__s1,rgb,cartpole,CartpoleBalance,pixels,1,,2048000,rgb,rgb,configs/rgb__cartpole__pixels__s1.yaml,
rgb__cartpole__pixels__s2,rgb,cartpole,CartpoleBalance,pixels,2,,2048000,rgb,rgb,configs/rgb__cartpole__pixels__s2.yaml,
rgb__cartpole__pixels__s3,rgb,cartpole,CartpoleBalance,pixels,3,,2048000,rgb,rgb,configs/rgb__cartpole__pixels__s3.yaml,
rgb__cartpole__pixels__s4,rgb,cartpole,CartpoleBalance,pixels,4,,2048000,rgb,rgb,configs/rgb__cartpole__pixels__s4.yaml,
rgb__cartpole__constant__s0,rgb,cartpole,CartpoleBalance,constant,0,,2048000,rgb,rgb,configs/rgb__cartpole__constant__s0.yaml,
rgb__cartpole__constant__s1,rgb,cartpole,CartpoleBalance,constant,1,,2048000,rgb,rgb,configs/rgb__cartpole__constant__s1.yaml,
rgb__cartpole__constant__s2,rgb,cartpole,CartpoleBalance,constant,2,,2048000,rgb,rgb,configs/rgb__cartpole__constant__s2.yaml,
rgb__cartpole__constant__s3,rgb,cartpole,CartpoleBalance,constant,3,,2048000,rgb,rgb,configs/rgb__cartpole__constant__s3.yaml,
rgb__cartpole__constant__s4,rgb,cartpole,CartpoleBalance,constant,4,,2048000,rgb,rgb,configs/rgb__cartpole__constant__s4.yaml,
rgb__walker__state__s0,rgb,walker,WalkerWalk,state,0,,2048000,rgb,rgb,configs/rgb__walker__state__s0.yaml,
rgb__walker__state__s1,rgb,walker,WalkerWalk,state,1,,2048000,rgb,rgb,configs/rgb__walker__state__s1.yaml,
rgb__walker__state__s2,rgb,walker,WalkerWalk,state,2,,2048000,rgb,rgb,configs/rgb__walker__state__s2.yaml,
rgb__walker__state__s3,rgb,walker,WalkerWalk,state,3,,2048000,rgb,rgb,configs/rgb__walker__state__s3.yaml,
rgb__walker__state__s4,rgb,walker,WalkerWalk,state,4,,2048000,rgb,rgb,configs/rgb__walker__state__s4.yaml,
rgb__walker__pixels__s0,rgb,walker,WalkerWalk,pixels,0,,2048000,rgb,rgb,configs/rgb__walker__pixels__s0.yaml,
rgb__walker__pixels__s1,rgb,walker,WalkerWalk,pixels,1,,2048000,rgb,rgb,configs/rgb__walker__pixels__s1.yaml,
rgb__walker__pixels__s2,rgb,walker,WalkerWalk,pixels,2,,2048000,rgb,rgb,configs/rgb__walker__pixels__s2.yaml,
rgb__walker__pixels__s3,rgb,walker,WalkerWalk,pixels,3,,2048000,rgb,rgb,configs/rgb__walker__pixels__s3.yaml,
rgb__walker__pixels__s4,rgb,walker,WalkerWalk,pixels,4,,2048000,rgb,rgb,configs/rgb__walker__pixels__s4.yaml,
rgb__walker__constant__s0,rgb,walker,WalkerWalk,constant,0,,2048000,rgb,rgb,configs/rgb__walker__constant__s0.yaml,
rgb__walker__constant__s1,rgb,walker,WalkerWalk,constant,1,,2048000,rgb,rgb,configs/rgb__walker__constant__s1.yaml,
rgb__walker__constant__s2,rgb,walker,WalkerWalk,constant,2,,2048000,rgb,rgb,configs/rgb__walker__constant__s2.yaml,
rgb__walker__constant__s3,rgb,walker,WalkerWalk,constant,3,,2048000,rgb,rgb,configs/rgb__walker__constant__s3.yaml,
rgb__walker__constant__s4,rgb,walker,WalkerWalk,constant,4,,2048000,rgb,rgb,configs/rgb__walker__constant__s4.yaml,
